title,year,release_date,total_gross_domestic,max_theaters,genre,budget_chart,detail_url,opening_weekend,opening_theaters,budget,mpaa_rating,runtime_min,distributor
Bad Boys for Life,2020,2020-01-17,206305244.0,3775,Action Comedy Crime Thriller,,https://www.boxofficemojo.com/release/rl1182631425/?ref_=bo_yld_table_1,62504105.0,3775.0,90000000.0,R,124,Sony Pictures Releasing
1917,2020,Dec 25,159227644.0,3987,Drama War,,https://www.boxofficemojo.com/release/rl2969994753/?ref_=bo_yld_table_2,576216.0,11.0,95000000.0,R,119,Universal Pictures
Sonic the Hedgehog,2020,2020-02-14,148974665.0,4198,Action Adventure Comedy Family Fantasy Sci-Fi,,https://www.boxofficemojo.com/release/rl4244997633/?ref_=bo_yld_table_3,58018348.0,4167.0,85000000.0,PG,99,Paramount Pictures
Jumanji: The Next Level,2020,2019-12-13,320314960.0,4227,Action Adventure Comedy Fantasy,,https://www.boxofficemojo.com/release/rl755467777/?ref_=bo_yld_table_4,59251543.0,4227.0,125000000.0,PG,123,Sony Pictures Releasing
Star Wars: Episode IX - The Rise of Skywalker,2020,2019-12-20,515202542.0,4406,Action Adventure Fantasy Sci-Fi,,https://www.boxofficemojo.com/release/rl3305145857/?ref_=bo_yld_table_5,177383864.0,4406.0,275000000.0,PG,141,Walt Disney Studios Motion Pictures
Birds of Prey and the Fantabulous Emancipation of One Harley Quinn,2020,2020-02-07,84158461.0,4236,Action Comedy Crime,,https://www.boxofficemojo.com/release/rl3640886785/?ref_=bo_yld_table_6,33010017.0,4236.0,84500000.0,R,109,Warner Bros.
Dolittle,2020,2020-01-17,77047065.0,4155,Adventure Comedy Family Fantasy,,https://www.boxofficemojo.com/release/rl2164295169/?ref_=bo_yld_table_7,21844045.0,4155.0,175000000.0,PG,101,Universal Pictures
Little Women,2020,2019-12-25,108101214.0,3308,Drama Romance,,https://www.boxofficemojo.com/release/rl218596865/?ref_=bo_yld_table_8,16755310.0,3308.0,40000000.0,PG,135,Sony Pictures Releasing
The Invisible Man,2020,2020-02-28,70410000.0,3636,Drama Horror Mystery Sci-Fi Thriller,,https://www.boxofficemojo.com/release/rl50628097/?ref_=bo_yld_table_9,28205665.0,3610.0,7000000.0,R,124,Universal Pictures
The Call of the Wild,2020,2020-02-21,62342368.0,3914,Adventure Drama Family,,https://www.boxofficemojo.com/release/rl2533524993/?ref_=bo_yld_table_10,24791624.0,3752.0,135000000.0,PG,100,20th Century Studios
Onward,2020,2020-03-06,61555145.0,4310,Adventure Animation Comedy Drama Family Fantasy,,https://www.boxofficemojo.com/release/rl3433267713/?ref_=bo_yld_table_11,39119861.0,4310.0,,PG,102,Walt Disney Studios Motion Pictures
Tenet,2020,2020-09-03,58504105.0,2930,Action Sci-Fi Thriller,,https://www.boxofficemojo.com/release/rl1442940417/?ref_=bo_yld_table_12,9353090.0,2810.0,205000000.0,PG,150,Warner Bros.
Knives Out,2020,2019-11-27,165363234.0,3461,Comedy Crime Drama Mystery Thriller,,https://www.boxofficemojo.com/release/rl3204875777/?ref_=bo_yld_table_13,26769548.0,3461.0,40000000.0,PG,130,Lionsgate
Frozen II,2020,2019-11-22,477373578.0,4440,Adventure Animation Comedy Drama Family Fantasy Musical,,https://www.boxofficemojo.com/release/rl2424210945/?ref_=bo_yld_table_14,130263358.0,4440.0,150000000.0,PG,103,Walt Disney Studios Motion Pictures
Spies in Disguise,2020,2019-12-25,66757013.0,3502,Action Adventure Animation Comedy Drama Family Sci-Fi Thriller,,https://www.boxofficemojo.com/release/rl1333691905/?ref_=bo_yld_table_15,13354798.0,3502.0,100000000.0,PG,102,20th Century Fox
The Gentlemen,2020,2020-01-24,36471795.0,2675,Action Comedy Crime,,https://www.boxofficemojo.com/release/rl3473442305/?ref_=bo_yld_table_16,10651884.0,2165.0,22000000.0,R,113,STX Entertainment
Just Mercy,2020,Dec 25,36001502.0,2457,Biography Crime Drama,,https://www.boxofficemojo.com/release/rl419792385/?ref_=bo_yld_table_17,107858.0,4.0,25000000.0,PG,137,Warner Bros.
The Croods: A New Age,2020,2020-11-25,58568815.0,2211,Adventure Animation Comedy Family Fantasy,,https://www.boxofficemojo.com/release/rl3209528833/?ref_=bo_yld_table_18,9724200.0,2211.0,,PG,95,Universal Pictures
Parasite,2020,Oct 11,53369749.0,2001,Drama Thriller,,https://www.boxofficemojo.com/release/rl1258849793/?ref_=bo_yld_table_19,393216.0,3.0,11400000.0,R,132,Neon
Fantasy Island,2020,2020-02-14,27309289.0,2784,Fantasy Horror Mystery,,https://www.boxofficemojo.com/release/rl1611040257/?ref_=bo_yld_table_20,12310420.0,2784.0,7000000.0,PG,109,Sony Pictures Releasing
Uncut Gems,2020,Dec 13,50023780.0,2686,Crime Drama Thriller,,https://www.boxofficemojo.com/release/rl3825763841/?ref_=bo_yld_table_21,537242.0,5.0,19000000.0,R,135,A24
The New Mutants,2020,2020-08-28,23852659.0,2754,Action Horror Mystery Sci-Fi,,https://www.boxofficemojo.com/release/rl1098876417/?ref_=bo_yld_table_22,7037017.0,2412.0,,PG,94,20th Century Studios
Wonder Woman 1984,2020,2020-12-25,46801036.0,2218,Action Adventure Fantasy,,https://www.boxofficemojo.com/release/rl3624109569/?ref_=bo_yld_table_23,16701957.0,2151.0,,PG,151,Warner Bros.
Like a Boss,2020,2020-01-10,22169514.0,3081,Comedy,,https://www.boxofficemojo.com/release/rl4278486529/?ref_=bo_yld_table_24,10011272.0,3078.0,29000000.0,R,83,Paramount Pictures
The Grudge,2020,2020-01-03,21221803.0,2642,Fantasy Horror,,https://www.boxofficemojo.com/release/rl1745126913/?ref_=bo_yld_table_25,11404113.0,2642.0,10000000.0,R,94,Sony Pictures Releasing
Unhinged,2020,Aug 14,20831465.0,2402,Action Thriller,,https://www.boxofficemojo.com/release/rl2141815297/?ref_=bo_yld_table_26,601032.0,299.0,,R,90,Solstice Studios
The Photograph,2020,2020-02-14,20578185.0,2516,Drama Romance,,https://www.boxofficemojo.com/release/rl1655931393/?ref_=bo_yld_table_27,12181865.0,2516.0,16000000.0,PG,106,Universal Pictures
The War with Grandpa,2020,2020-10-09,21277892.0,2365,Comedy Drama Family,,https://www.boxofficemojo.com/release/rl1078166273/?ref_=bo_yld_table_28,3623880.0,2250.0,,PG,94,101 Studios
Underwater,2020,2020-01-10,17291078.0,2791,Action Adventure Horror Sci-Fi Thriller,,https://www.boxofficemojo.com/release/rl302548481/?ref_=bo_yld_table_29,7008297.0,2791.0,,PG,95,20th Century Fox
The Turning,2020,2020-01-24,15472775.0,2571,Drama Horror Mystery,,https://www.boxofficemojo.com/release/rl3020195329/?ref_=bo_yld_table_30,6950045.0,2571.0,14000000.0,PG,94,Universal Pictures
Gretel & Hansel,2020,2020-01-31,15347654.0,3007,Fantasy Horror Mystery Thriller,,https://www.boxofficemojo.com/release/rl3842541057/?ref_=bo_yld_table_31,6154007.0,3007.0,,PG,87,United Artists Releasing
Honest Thief,2020,Oct 9,14163574.0,2502,Action Crime Drama Thriller,,https://www.boxofficemojo.com/release/rl565543425/?ref_=bo_yld_table_32,,,,PG,99,
My Hero Academia: Heroes Rising,2020,2020-02-26,13304000.0,1231,Action Adventure Animation Sci-Fi,,https://www.boxofficemojo.com/release/rl867926529/?ref_=bo_yld_table_33,5891252.0,1196.0,,PG,104,FUNimation Entertainment
Bombshell,2020,Dec 13,31762808.0,1721,Biography Drama,,https://www.boxofficemojo.com/release/rl2550760961/?ref_=bo_yld_table_34,319157.0,4.0,32000000.0,R,109,Lionsgate
The Way Back,2020,-,13590514.0,2718,Drama Sport,,https://www.boxofficemojo.com/release/rl4127819265/?ref_=bo_yld_table_35,8170315.0,2718.0,,R,108,Warner Bros.
Brahms: The Boy II,2020,2020-02-21,12611536.0,2151,Drama Horror Mystery Thriller,,https://www.boxofficemojo.com/release/rl2567538177/?ref_=bo_yld_table_36,5823006.0,2151.0,10000000.0,PG,86,STX Entertainment
Jojo Rabbit,2020,Oct 18,33370906.0,1173,Comedy Drama War,,https://www.boxofficemojo.com/release/rl2030601729/?ref_=bo_yld_table_37,349555.0,5.0,14000000.0,PG,108,Fox Searchlight Pictures
Impractical Jokers: The Movie,2020,Feb 21,10691091.0,1900,Comedy,,https://www.boxofficemojo.com/release/rl2998501889/?ref_=bo_yld_table_38,2607049.0,357.0,3000000.0,PG,92,truTV
Ford v Ferrari,2020,2019-11-15,117624357.0,3746,Action Biography Drama Sport,,https://www.boxofficemojo.com/release/rl990348801/?ref_=bo_yld_table_39,31474958.0,3528.0,97600000.0,PG,152,20th Century Fox
Emma.,2020,Feb 21,10055355.0,1732,Comedy Drama Romance,,https://www.boxofficemojo.com/release/rl3221784065/?ref_=bo_yld_table_40,234482.0,5.0,10000000.0,PG,124,Focus Features
Bloodshot,2020,2020-03-13,12561824.0,2861,Action Adventure Sci-Fi,,https://www.boxofficemojo.com/release/rl235374081/?ref_=bo_yld_table_41,9176695.0,2861.0,45000000.0,PG,109,Sony Pictures Releasing
I Still Believe,2020,2020-03-13,9868521.0,3250,Biography Drama Music Romance,,https://www.boxofficemojo.com/release/rl1628014081/?ref_=bo_yld_table_42,9103614.0,3250.0,12000000.0,PG,116,Lionsgate
Come Play,2020,2020-10-30,10475990.0,2183,Drama Horror Mystery Thriller,,https://www.boxofficemojo.com/release/rl2773844737/?ref_=bo_yld_table_43,3119875.0,2183.0,,PG,96,Focus Features
Let Him Go,2020,2020-11-06,9358025.0,2458,Crime Drama Thriller Western,,https://www.boxofficemojo.com/release/rl2393408001/?ref_=bo_yld_table_44,4000470.0,2454.0,,R,113,Focus Features
Freaky,2020,2020-11-13,9030855.0,2472,Comedy Horror Thriller,,https://www.boxofficemojo.com/release/rl1699840769/?ref_=bo_yld_table_45,3600355.0,2472.0,,R,102,Universal Pictures
Downhill,2020,2020-02-14,8287061.0,2311,Comedy Drama,,https://www.boxofficemojo.com/release/rl2611249665/?ref_=bo_yld_table_46,4622018.0,2301.0,,R,86,Searchlight Pictures
Weathering with You,2020,2020-01-15,8056636.0,1020,Animation Drama Fantasy Romance,,https://www.boxofficemojo.com/release/rl3669066241/?ref_=bo_yld_table_47,1808533.0,486.0,,PG,112,GKIDS
Cats,2020,2019-12-20,27166770.0,3380,Comedy Drama Family Fantasy Musical,,https://www.boxofficemojo.com/release/rl2684847617/?ref_=bo_yld_table_48,6619870.0,3380.0,95000000.0,PG,110,Universal Pictures
The Hunt,2020,2020-03-13,5812500.0,3028,Action Horror Thriller,,https://www.boxofficemojo.com/release/rl1459979777/?ref_=bo_yld_table_49,5304455.0,3028.0,14000000.0,R,90,Universal Pictures
The Rhythm Section,2020,2020-01-31,5437971.0,3049,Action Drama Mystery Thriller,,https://www.boxofficemojo.com/release/rl3775038977/?ref_=bo_yld_table_50,2715384.0,3049.0,50000000.0,R,109,Paramount Pictures
Monster Hunter,2020,2020-12-18,15162470.0,1817,Action Adventure Animation Fantasy,,https://www.boxofficemojo.com/release/rl1862895105/?ref_=bo_yld_table_51,2201269.0,1736.0,,PG,103,Screen Gems
A Beautiful Day in the Neighborhood,2020,2019-11-22,61704055.0,3491,Biography Drama Family,,https://www.boxofficemojo.com/release/rl2651096577/?ref_=bo_yld_table_52,13251238.0,3235.0,25000000.0,PG,109,Sony Pictures Releasing
Hocus Pocus,2020,2020-10-02,43846.0,2570,Comedy Family Fantasy,,https://www.boxofficemojo.com/release/rl1331004161/?ref_=bo_yld_table_53,1925000.0,2570.0,,PG,96,Walt Disney Studios Motion Pictures
Richard Jewell,2020,2019-12-13,22345542.0,2502,Biography Crime Drama,,https://www.boxofficemojo.com/release/rl2903213569/?ref_=bo_yld_table_54,4705265.0,2502.0,45000000.0,R,131,Warner Bros.
The SpongeBob Movie: Sponge on the Run,2020,2020-08-14,4810790.0,326,Adventure Animation Comedy Drama Family Fantasy,,https://www.boxofficemojo.com/release/rl2558297601/?ref_=bo_yld_table_55,865824.0,300.0,,PG,91,Paramount Pictures
The Broken Hearts Gallery,2020,2020-09-11,4067442.0,2221,Comedy Romance,,https://www.boxofficemojo.com/release/rl742425345/?ref_=bo_yld_table_56,1126401.0,2209.0,,PG,109,TriStar Pictures
Infidel,2020,2020-09-18,4051990.0,1885,Action Thriller,,https://www.boxofficemojo.com/release/rl314475009/?ref_=bo_yld_table_57,1384296.0,1724.0,,R,108,Cloudburst Entertainment
News of the World,2020,2020-12-25,12668325.0,1986,Action Adventure Drama Western,,https://www.boxofficemojo.com/release/rl3054208513/?ref_=bo_yld_table_58,2250430.0,1900.0,,PG,118,Universal Pictures
Portrait of a Lady on Fire,2020,2019-12-06,3759854.0,334,Drama Romance,,https://www.boxofficemojo.com/release/rl1325958657/?ref_=bo_yld_table_59,67344.0,2.0,,R,122,Neon
Bill & Ted Face the Music,2020,2020-08-28,3439660.0,1007,Adventure Comedy Music Sci-Fi,,https://www.boxofficemojo.com/release/rl3926492673/?ref_=bo_yld_table_60,1125007.0,1007.0,,PG,91,United Artists Releasing
2020 Oscar Nominated Short Films,2020,2020-01-31,3306611.0,536,-,,https://www.boxofficemojo.com/release/rl615875073/?ref_=bo_yld_table_61,1155505.0,465.0,,,153,Magnolia Pictures
Queen & Slim,2020,2019-11-27,43808310.0,1715,Crime Drama Romance Thriller,,https://www.boxofficemojo.com/release/rl50824705/?ref_=bo_yld_table_62,11890490.0,1690.0,18000000.0,R,132,Universal Pictures
The Empty Man,2020,2020-10-23,2992948.0,2051,Drama Horror Mystery Thriller,,https://www.boxofficemojo.com/release/rl168527361/?ref_=bo_yld_table_63,1310326.0,2027.0,,R,137,20th Century Studios
My Boyfriend's Meds,2020,2020-02-21,2971116.0,350,Comedy,,https://www.boxofficemojo.com/release/rl537298433/?ref_=bo_yld_table_64,1396140.0,350.0,,R,100,Pantelion Films
The Last Full Measure,2020,2020-01-24,2949212.0,617,Drama War,,https://www.boxofficemojo.com/release/rl1617987073/?ref_=bo_yld_table_65,1058019.0,614.0,,R,116,Roadside Attractions
Words on Bathroom Walls,2020,2020-08-21,2542518.0,1395,Drama Romance,,https://www.boxofficemojo.com/release/rl2437120769/?ref_=bo_yld_table_66,432968.0,924.0,,PG,110,Roadside Attractions
Star Wars: Episode V - The Empire Strikes Back,2020,2020-07-10,2482000.0,2097,Adventure Fantasy Sci-Fi,,https://www.boxofficemojo.com/release/rl172327681/?ref_=bo_yld_table_67,611000.0,611.0,18000000.0,PG,124,Walt Disney Studios Motion Pictures
Fatale,2020,2020-12-18,6306897.0,1222,Drama Mystery Romance Thriller,,https://www.boxofficemojo.com/release/rl1846248961/?ref_=bo_yld_table_68,918112.0,1107.0,,R,102,Lionsgate
The Nightmare Before Christmas,2020,2020-10-16,2286000.0,2194,Adventure Animation Family Fantasy Musical,,https://www.boxofficemojo.com/release/rl3260515073/?ref_=bo_yld_table_69,1323000.0,2194.0,,PG,76,Walt Disney Studios Motion Pictures
Ip Man 4: The Finale,2020,2019-12-25,3956031.0,125,Action Biography Drama History,,https://www.boxofficemojo.com/release/rl1386316289/?ref_=bo_yld_table_70,737718.0,70.0,,,107,Well Go USA Entertainment
Half Brothers,2020,2020-12-04,2241980.0,1386,Comedy Drama,,https://www.boxofficemojo.com/release/rl760382209/?ref_=bo_yld_table_71,700160.0,1369.0,,PG,96,Focus Features
Elf,2020,2020-11-13,2182679.0,850,Adventure Comedy Family Fantasy Romance,,https://www.boxofficemojo.com/release/rl3042738945/?ref_=bo_yld_table_72,170000.0,300.0,33000000.0,PG,97,New Line Cinema
The Personal History of David Copperfield,2020,2020-08-28,1876298.0,1550,Comedy Drama,,https://www.boxofficemojo.com/release/rl413237761/?ref_=bo_yld_table_73,475800.0,1360.0,,PG,119,Searchlight Pictures
The Wretched,2020,2020-05-01,1814193.0,101,Drama Horror Mystery Thriller,,https://www.boxofficemojo.com/release/rl716997121/?ref_=bo_yld_table_74,65908.0,12.0,,,95,IFC Films
The Lodge,2020,2020-02-07,2138907.0,395,Drama Horror Mystery Thriller,,https://www.boxofficemojo.com/release/rl2517140993/?ref_=bo_yld_table_75,76251.0,6.0,,R,108,Neon
Joker,2020,2019-10-04,335451311.0,4374,Drama,,https://www.boxofficemojo.com/release/rl252151297/?ref_=bo_yld_table_76,96202337.0,4374.0,55000000.0,R,122,Warner Bros.
The Rental,2020,2020-07-24,1637548.0,250,Drama Horror Mystery Thriller,,https://www.boxofficemojo.com/release/rl1857978881/?ref_=bo_yld_table_77,403852.0,250.0,,R,88,IFC Films
Once Upon a Time... in Hollywood,2020,2019-07-26,142502728.0,3659,Comedy Drama,,https://www.boxofficemojo.com/release/rl520455681/?ref_=bo_yld_table_78,41082018.0,3659.0,90000000.0,R,161,Sony Pictures Releasing
Jurassic Park,2020,2020-06-19,1386600.0,316,Adventure Sci-Fi,,https://www.boxofficemojo.com/release/rl54887169/?ref_=bo_yld_table_79,517600.0,230.0,63000000.0,PG,127,Universal Pictures
2 Hearts,2020,2020-10-16,1349286.0,1683,Drama Romance,,https://www.boxofficemojo.com/release/rl4282483457/?ref_=bo_yld_table_80,522937.0,1683.0,,PG,101,Freestyle Releasing
Promising Young Woman,2020,2020-12-25,6460965.0,1448,Crime Drama Mystery Thriller,,https://www.boxofficemojo.com/release/rl3852829185/?ref_=bo_yld_table_81,719305.0,1310.0,,R,113,Focus Features
True to the Game 2,2020,2020-11-06,1200871.0,281,Crime Drama Thriller,,https://www.boxofficemojo.com/release/rl4267213569/?ref_=bo_yld_table_82,274631.0,247.0,,R,94,Faith Media Distribution
Peninsula,2020,2020-08-07,1231407.0,151,Action Drama Horror Thriller,,https://www.boxofficemojo.com/release/rl2722267905/?ref_=bo_yld_table_83,118647.0,48.0,,,116,Well Go USA Entertainment
The Assistant,2020,2020-01-31,1100313.0,25,Drama,,https://www.boxofficemojo.com/release/rl1554088449/?ref_=bo_yld_table_84,79141.0,4.0,,R,87,Bleecker Street Media
Love and Monsters,2020,2020-10-16,1070714.0,387,Action Adventure Animation Comedy Fantasy Sci-Fi,,https://www.boxofficemojo.com/release/rl4043867649/?ref_=bo_yld_table_85,270302.0,387.0,,PG,109,Paramount Pictures
Relic,2020,2020-07-03,1047083.0,133,Drama Horror Mystery Thriller,,https://www.boxofficemojo.com/release/rl1807647233/?ref_=bo_yld_table_86,192352.0,69.0,,R,89,IFC Films
The Tax Collector,2020,2020-08-07,1044212.0,138,Action Crime Drama Thriller,,https://www.boxofficemojo.com/release/rl390497025/?ref_=bo_yld_table_87,309694.0,129.0,,,95,RLJ Entertainment
The Last Shift,2020,2020-09-25,1034467.0,886,Comedy Drama,,https://www.boxofficemojo.com/release/rl106070785/?ref_=bo_yld_table_88,246491.0,871.0,,R,90,Stage 6 Films
Becky,2020,2020-06-05,1004574.0,54,Action Crime Drama Thriller,,https://www.boxofficemojo.com/release/rl826311425/?ref_=bo_yld_table_89,209394.0,45.0,,R,93,Quiver Distribution
The Song of Names,2020,2019-12-25,1077584.0,182,Drama Music Mystery War,,https://www.boxofficemojo.com/release/rl2953545217/?ref_=bo_yld_table_90,39452.0,10.0,,PG,113,Sony Pictures Classics
All My Life,2020,2020-12-04,913935.0,970,Drama Romance,,https://www.boxofficemojo.com/release/rl3495330561/?ref_=bo_yld_table_91,370315.0,970.0,,PG,91,Universal Pictures
Mafia Inc,2020,2020-02-14,889863.0,85,Crime Drama,,https://www.boxofficemojo.com/release/rl3702948353/?ref_=bo_yld_table_92,264939.0,85.0,,,143,Entertainment One
National Lampoon's Christmas Vacation,2020,2020-11-25,871000.0,620,Comedy,,https://www.boxofficemojo.com/release/rl3864953601/?ref_=bo_yld_table_93,170000.0,308.0,,,97,Warner Bros.
Jay and Silent Bob Reboot,2020,2019-10-15,4589490.0,788,Action Adventure Comedy,,https://www.boxofficemojo.com/release/rl3406333441/?ref_=bo_yld_table_94,93520.0,1.0,,R,105,Saban Films
A Hidden Life,2020,2019-12-13,1730597.0,151,Biography Drama Romance War,,https://www.boxofficemojo.com/release/rl2500363777/?ref_=bo_yld_table_95,50383.0,5.0,,PG,174,Fox Searchlight Pictures
Cut Throat City,2020,2020-08-21,855894.0,389,Action Crime Drama Thriller,,https://www.boxofficemojo.com/release/rl2243396097/?ref_=bo_yld_table_96,243379.0,389.0,,R,123,Well Go USA Entertainment
The Goonies,2020,2020-07-10,825000.0,457,Adventure Comedy Family,,https://www.boxofficemojo.com/release/rl2051375873/?ref_=bo_yld_table_97,213000.0,134.0,,,114,Warner Bros.
Sarileru Neekevvaru,2020,2020-01-10,821000.0,300,Action Comedy Drama,,https://www.boxofficemojo.com/release/rl565084673/?ref_=bo_yld_table_98,821000.0,300.0,,,169,Great India Films
Vanguard,2020,2020-11-20,793525.0,1375,Action Adventure Comedy Crime Thriller,,https://www.boxofficemojo.com/release/rl1465352961/?ref_=bo_yld_table_99,380428.0,1375.0,,PG,107,Gravitas Ventures
21 Bridges,2020,2019-11-22,28539757.0,2665,Action Adventure Crime Drama Mystery Thriller,,https://www.boxofficemojo.com/release/rl2886174209/?ref_=bo_yld_table_100,9261268.0,2665.0,33000000.0,R,99,STX Entertainment
