title,year,numbers_slug,thu_preview,fri,sat,sun,weekend_total_daily,fri_sat_sun_total,fri_to_weekend_mult,fri_sat_sun_mult,sat_to_remaining_mult,opening_rank,opening_theaters,per_theater
Star Wars: Episode IX - The Rise of Skywalker,2020,Star-Wars-Episode-IX-The-Rise-of-Skywalker-(2020),,,,,,,,,,,,
Sonic the Hedgehog,2020,Sonic-the-Hedgehog-(2020),,,,,,,,,,,,
Bad Boys for Life,2020,Bad-Boys-for-Life-(2020),,,,,,,,,,,,
Jumanji: The Next Level,2020,Jumanji-The-Next-Level-(2020),,,,,,,,,,,,
1917,2020,1917-(2020),,,,,,,,,,,,
Birds of Prey and the Fantabulous Emancipation of One Harley Quinn,2020,Birds-of-Prey-and-the-Fantabulous-Emancipation-of-One-Harley-Quinn-(2020),,,,,,,,,,,,
Little Women,2020,Little-Women-(2020),,,,,,,,,,,,
The Invisible Man,2020,The-Invisible-Man-(2020),,,,,,,,,,,,
The Call of the Wild,2020,The-Call-of-the-Wild-(2020),,,,,,,,,,,,
Dolittle,2020,Dolittle-(2020),925000.0,6210110.0,8841885.0,6792050.0,22769045.0,21844045.0,3.6664,3.5175,1.7682,3,4155.0,1495.0
Tenet,2020,Tenet-(2020),,,,,,,,,,,,
Onward,2020,Onward-(2020),2000000.0,12096726.0,16514193.0,10508942.0,41119861.0,39119861.0,3.3993,3.2339,1.6364,1,4310.0,2807.0
Knives Out,2020,Knives-Out-(2020),,,,,,,,,,,,
Frozen II,2020,Frozen-II-(2020),,,,,,,,,,,,
Spies in Disguise,2020,Spies-in-Disguise-(2020),,,,,,,,,,,,
The Gentlemen,2020,The-Gentlemen-(2020),,,,,,,,,,,,
Just Mercy,2020,Just-Mercy-(2020),,81072.0,37318.0,36633.0,155023.0,155023.0,1.9122,1.9122,1.9816,-,4.0,20268.0
Fantasy Island,2020,Fantasy-Island-(2020),,5410273.0,4104353.0,2795794.0,12310420.0,12310420.0,2.2754,2.2754,1.6812,4,2784.0,1943.0
The Croods: A New Age,2020,The-Croods-A-New-Age-(2020),,,,,,,,,,,,
Parasite,2020,Parasite-(2020),,,,,,,,,,,,
Wonder Woman 1984,2020,Wonder-Woman-1984-(2020),,200000.0,,,,,,,,-,1681.0,119.0
The New Mutants,2020,The-New-Mutants-(2020),,,,,,,,,,,,
Uncut Gems,2020,Uncut-Gems-(2020),,212201.0,172168.0,152873.0,537242.0,537242.0,2.5318,2.5318,1.8879,12,5.0,42440.0
The Grudge,2020,The-Grudge-(2020),,,,,,,,,,,,
Unhinged,2020,Unhinged-(2020),,230000.0,1480282.0,1650312.0,3360594.0,3360594.0,14.6113,14.6113,2.1149,2,299.0,769.0
Like a Boss,2020,Like-a-Boss-(2020),,3900185.0,3780873.0,2330214.0,10011272.0,10011272.0,2.5669,2.5669,1.6163,2,3078.0,1267.0
The Photograph,2020,The-Photograph-(2020),,,,,,,,,,,,
Underwater,2020,Underwater-(2020),500000.0,2497331.0,2767282.0,1743684.0,7508297.0,7008297.0,3.0065,2.8063,1.6301,6,2791.0,895.0
The War with Grandpa,2020,The-War-with-Grandpa-(2020),,,,,,,,,,,,
Gretel & Hansel,2020,Gretel-and-Hansel-(2020),475000.0,2344557.0,2775454.0,1033996.0,6629007.0,6154007.0,2.8274,2.6248,1.3726,3,3007.0,780.0
The Turning,2020,The-Turning-(2020),,,,,,,,,,,,
Brahms: The Boy II,2020,Brahms-The-Boy-II-(2020),375000.0,2210191.0,2334829.0,1277986.0,6198006.0,5823006.0,2.8043,2.6346,1.5474,3,2151.0,1028.0
My Hero Academia: Heroes Rising,2020,My-Hero-Academia-Heroes-Rising-(2020),,,,,,,,,,,,
The Way Back,2020,The-Way-Back-(2020),,,,,,,,,,,,
Bombshell,2020,Bombshell-(2020),,136953.0,104975.0,77229.0,319157.0,319157.0,2.3304,2.3304,1.7357,-,4.0,34238.0
Jojo Rabbit,2020,Jojo-Rabbit-(2020),,,,,,,,,,,,
Bloodshot,2020,Bloodshot-(2020),1200000.0,3801099.0,3290187.0,2085409.0,10376695.0,9176695.0,2.7299,2.4142,1.6338,2,1329.0,3801099.0
Ford v Ferrari,2020,Ford-v-Ferrari-(2020),,,,,,,,,,,,
Impractical Jokers: The Movie,2020,Impractical-Jokers-The-Movie-(2020),,950007.0,1011295.0,645747.0,2607049.0,2607049.0,2.7442,2.7442,1.6385,8,357.0,2661.0
I Still Believe,2020,I-Still-Believe-(2020),780000.0,3993234.0,3141562.0,1968818.0,9883614.0,9103614.0,2.4751,2.2798,1.6267,1,3250.0,1229.0
Emma.,2020,Emma-(2020),,,,,,,,,,,,
Come Play,2020,Come-Play-(2020),150000.0,1094030.0,1331245.0,694600.0,3269875.0,3119875.0,2.9888,2.8517,1.5218,1,2183.0,501.0
Let Him Go,2020,Let-Him-Go-(2020),150000.0,1479580.0,1620470.0,900420.0,4150470.0,4000470.0,2.8052,2.7038,1.5557,1,2454.0,603.0
Freaky,2020,Freaky-(2020),,1486810.0,1397115.0,716430.0,3600355.0,3600355.0,2.4215,2.4215,1.5128,1,2472.0,601.0
Weathering with You,2020,Weathering-with-You-(2020),,,,,,,,,,,,
Downhill,2020,Downhill-(2020),,2098824.0,1545286.0,977908.0,4622018.0,4622018.0,2.2022,2.2022,1.6328,7,2301.0,912.0
Cats,2020,Cats-(2020),,,,,,,,,,,,
The Hunt,2020,The-Hunt-(2020),,,,,,,,,,,,
The Rhythm Section,2020,The-Rhythm-Section-(2020),,,,,,,,,,,,
Monster Hunter,2020,Monster-Hunter-(2020),,824964.0,796432.0,579873.0,2201269.0,2201269.0,2.6683,2.6683,1.7281,1,1736.0,475.0
A Beautiful Day in the Neighborhood,2020,A-Beautiful-Day-in-the-Neighborhood-(2020),,,,,,,,,,,,
Hocus Pocus,2020,Hocus-Pocus-(2020),,,,,,,,,,,,
The SpongeBob Movie: Sponge on the Run,2020,The-SpongeBob-Movie-Sponge-on-the-Run-(2020),,,,,,,,,,,,
Richard Jewell,2020,Richard-Jewell-(2020),,1557411.0,1951821.0,1196033.0,4705265.0,4705265.0,3.0212,3.0212,1.6128,5,2502.0,622.0
The Broken Hearts Gallery,2020,The-Broken-Hearts-Gallery-(2020),,,,,,,,,,,,
Infidel,2020,Infidel-(2020),,528056.0,526097.0,330143.0,1384296.0,1384296.0,2.6215,2.6215,1.6275,-,1724.0,306.0
Bill & Ted Face the Music,2020,Bill-and-Ted-Face-the-Music-(2020),,452170.0,417113.0,255724.0,1125007.0,1125007.0,2.488,2.488,1.6131,3,1007.0,449.0
Portrait of a Lady on Fire,2020,Portrait-of-a-Lady-on-Fire-(2020),,,,,,,,,,,,
News of the World,2020,News-of-the-World-(2020),,1000325.0,769880.0,480225.0,2250430.0,2250430.0,2.2497,2.2497,1.6238,-,1900.0,526.0
2020 Oscar Nominated Short Films,2020,2020-Oscar-Nominated-Short-Films-(2020),,,,,,,,,,,,
Queen & Slim,2020,Queen-and-Slim-(2020),,,,,,,,,,,,
The Empty Man,2020,The-Empty-Man-(2020),,,,,,,,,,,,
My Boyfriend's Meds,2020,My-Boyfriends-Meds-(2020),,,,,,,,,,,,
The Last Full Measure,2020,The-Last-Full-Measure-(2020),,,,,,,,,,,,
Star Wars: Episode V - The Empire Strikes Back,2020,Star-Wars-Episode-V-The-Empire-Strikes-Back-(2020),,,,,,,,,,,,
Words on Bathroom Walls,2020,Words-on-Bathroom-Walls-(2020),,148288.0,174743.0,109937.0,432968.0,432968.0,2.9198,2.9198,1.6291,-,924.0,160.0
Fatale,2020,Fatale-(2020),,339495.0,345657.0,232960.0,918112.0,918112.0,2.7043,2.7043,1.674,3,1107.0,307.0
Half Brothers,2020,Half-Brothers-(2020),,237450.0,287560.0,175150.0,700160.0,700160.0,2.9487,2.9487,1.6091,2,1369.0,173.0
The Nightmare Before Christmas,2020,The-Nightmare-Before-Christmas-(2020),,,,,,,,,,,,
Ip Man 4: The Finale,2020,Ip-Man-4-The-Finale-(2020),,,,,,,,,,,,
Elf,2020,Elf-(2020),,,,,,,,,,,,
The Personal History of David Copperfield,2020,The-Personal-History-of-David-Copperfield-(2020),,,,,,,,,,,,
The Wretched,2020,The-Wretched-(2020),,,,,,,,,,,,
The Lodge,2020,The-Lodge-(2020),,,,,,,,,,,,
Joker,2020,Joker-(2020),,29141.0,36920.0,39305.0,105366.0,105366.0,3.6157,3.6157,2.0646,-,73.0,399.0
The Rental,2020,The-Rental-(2020),,,,,,,,,,,,
2 Hearts,2020,2-Hearts-(2020),,196029.0,209494.0,117414.0,522937.0,522937.0,2.6677,2.6677,1.5605,-,1683.0,116.0
Once Upon a Time... in Hollywood,2020,Once-Upon-a-Time-in-Hollywood-(2020),,,,,,,,,,,,
Jurassic Park,2020,Jurassic-Park-(2020),,,,,,,,,,,,
Love and Monsters,2020,Love-and-Monsters-(2020),,90216.0,120062.0,60024.0,270302.0,270302.0,2.9962,2.9962,1.4999,-,387.0,233.0
Promising Young Woman,2020,Promising-Young-Woman-(2020),,256800.0,262785.0,199720.0,719305.0,719305.0,2.801,2.801,1.76,-,1310.0,196.0
True to the Game 2,2020,True-to-the-Game-2-(2020),,,,,,,,,,,,
Peninsula,2020,Peninsula-(2020),,,,,,,,,,,,
The Assistant,2020,The-Assistant-(2020),,,,,,,,,,,,
Relic,2020,Relic-(2020),,,,,,,,,,,,
The Tax Collector,2020,The-Tax-Collector-(2020),,,,,,,,,,,,
The Last Shift,2020,The-Last-Shift-(2020),,,,,,,,,,,,
Becky,2020,Becky-(2020),,67641.0,90542.0,47614.0,205797.0,205797.0,3.0425,3.0425,1.5259,-,45.0,1503.0
The Song of Names,2020,The-Song-of-Names-(2020),,,,,,,,,,,,
All My Life,2020,All-My-Life-(2020),,141710.0,146815.0,81790.0,370315.0,370315.0,2.6132,2.6132,1.5571,4,970.0,146.0
Mafia Inc,2020,Mafia-Inc-(2020),,,,,,,,,,,,
National Lampoon's Christmas Vacation,2020,National-Lampoons-Christmas-Vacation-(2020),,,,,,,,,,,,
Jay and Silent Bob Reboot,2020,Jay-and-Silent-Bob-Reboot-(2020),,691418.0,319887.0,,,,,,,5,877.0,691418.0
A Hidden Life,2020,A-Hidden-Life-(2020),,,,,,,,,,,,
Cut Throat City,2020,Cut-Throat-City-(2020),,8132.0,,,,,,,,-,25.0,325.0
The Goonies,2020,The-Goonies-(2020),,,,,,,,,,,,
Sarileru Neekevvaru,2020,Sarileru-Neekevvaru-(2020),,,,,,,,,,,,
21 Bridges,2020,21-Bridges-(2020),,,,,,,,,,,,
Vanguard,2020,Vanguard-(2020),,,,,,,,,,,,
Jaws,2020,Jaws-(2020),,,,,,,,,,,,
After We Collided,2020,After-We-Collided-(2020),,206101.0,138088.0,78710.0,422899.0,422899.0,2.0519,2.0519,1.57,-,460.0,448.0
Possessor,2020,Possessor-(2020),,,,,,,,,,,,
Coco,2020,Coco-(2020),,,,,,,,,,,,
Toy Story,2020,Toy-Story-(2020),,161000.0,233000.0,111000.0,505000.0,505000.0,3.1366,3.1366,1.4764,-,2102.0,77.0
Baaghi 3,2020,Baaghi-3-(2020),,,,,,,,,,,,
"Monsters, Inc.",2020,Monsters-Inc-(2020),,17390000.0,26270000.0,18140000.0,61800000.0,61800000.0,3.5538,3.5538,1.6905,1,3237.0,5372.0
The Santa Clause,2020,The-Santa-Clause-(2020),,,,,,,,,,,,
Pain and Glory,2020,Pain-and-Glory-(2020),,,,,,,,,,,,
The Polar Express,2020,The-Polar-Express-(2020),,,,,,,,,,,,
The Last Vermeer,2020,The-Last-Vermeer-(2020),,,,,,,,,,,,
The Addams Family,2020,The-Addams-Family-(2020),,,,,,,,,,,,
Merci pour tout,2020,Merci-pour-tout-(2020),,,,,,,,,,,,
Maleficent: Mistress of Evil,2020,Maleficent-Mistress-of-Evil-(2020),,,,,,,,,,,,
Ghostbusters,2020,Ghostbusters-(2020),,,,,,,,,,,,
Chhapaak,2020,Chhapaak-(2020),,,,,,,,,,,,
Shortcut,2020,Shortcut-(2020),,,,,,,,,,,,
Panga,2020,Panga-(2020),,,,,,,,,,,,
Midway,2020,Midway-(2020),,,,,,,,,,,,
Black Christmas,2020,Black-Christmas-(2020),,3307602.0,1763413.0,1149644.0,6220659.0,6220659.0,1.8807,1.8807,1.6519,6,1278.0,2588.0
Synchronic,2020,Synchronic-(2020),,,,,,,,,,,,
Color Out of Space,2020,Color-Out-of-Space-(2020),,,,,,,,,,,,
Guardians of the Galaxy,2020,Guardians-of-the-Galaxy-(2020),11200000.0,37845336.0,30989857.0,25485690.0,105520883.0,94320883.0,2.7882,2.4923,1.8224,1,4080.0,9276.0
Followed,2020,Followed-(2020),,57963.0,66232.0,28630.0,152825.0,152825.0,2.6366,2.6366,1.4323,-,44.0,1317.0
Alone,2020,Alone-(2020),,,,,,,,,,,,
Harriet,2020,Harriet-(2020),,,,,,,,,,,,
Kajillionaire,2020,Kajillionaire-(2020),,88310.0,77900.0,49465.0,215675.0,215675.0,2.4422,2.4422,1.635,-,529.0,167.0
The Addams Family,2020,The-Addams-Family-(2020),,,,,,,,,,,,
The Big Ugly,2020,The-Big-Ugly-(2020),,,,,,,,,,,,
The Grinch,2020,The-Grinch-(2020),,,,,,,,,,,,
The Call,2020,The-Call-(2020),,,,,,,,,,,,
Spell,2020,Spell-(2020),,71434.0,89321.0,45836.0,206591.0,206591.0,2.8921,2.8921,1.5132,-,369.0,194.0
Ava,2020,Ava-(2020),,68652.0,64499.0,37198.0,170349.0,170349.0,2.4813,2.4813,1.5767,-,222.0,309.0
The Forgotten Carols,2020,The-Forgotten-Carols-(2020),,,,,,,,,,,,
Dark Waters,2020,Dark-Waters-(2020),,38324.0,38674.0,25608.0,102606.0,102606.0,2.6773,2.6773,1.6622,-,4.0,9581.0
Pinocchio,2020,Pinocchio-(2020),,,,,,,,,,,,
Beauty and the Beast,2020,Beauty-and-the-Beast-(2020),,,,,,,,,,,,
Once Were Brothers,2020,Once-Were-Brothers-(2020),,,,,,,,,,,,
Seberg,2020,Seberg-(2020),,,,,,,,,,,,
Infamous,2020,Infamous-(2020),,58175.0,71973.0,30223.0,160371.0,160371.0,2.7567,2.7567,1.4199,-,58.0,1003.0
Iron Man,2020,Iron-Man-(2020),,38734361.0,37350099.0,26034208.0,102118668.0,102118668.0,2.6364,2.6364,1.697,1,4105.0,9436.0
Fantastic Fungi,2020,Fantastic-Fungi-(2020),,67096.0,,,,,,,,-,17.0,3947.0
Stevie Nicks 24 Karat Gold the Concert,2020,Stevie-Nicks-24-Karat-Gold-the-Concert-(2020),,,,,,,,,,,,
Tulsa,2020,Tulsa-(2020),,28424.0,28662.0,21306.0,78392.0,78392.0,2.758,2.758,1.7434,-,191.0,149.0
Buddy Games,2020,Buddy-Games-(2020),,54987.0,60465.0,35045.0,150497.0,150497.0,2.737,2.737,1.5796,-,401.0,137.0
Black Panther,2020,Black-Panther-(2020),,,,,,,,,,,,
The Kid Detective,2020,The-Kid-Detective-(2020),,,,,,,,,,,,
She Dies Tomorrow,2020,She-Dies-Tomorrow-(2020),,,,,,,,,,,,
Greed,2020,Greed-(2020),,,,,,,,,,,,
Yellow Rose,2020,Yellow-Rose-(2020),,,,,,,,,,,,
Ride Your Wave,2020,Ride-Your-Wave-(2020),,,,,,,,,,,,
The Eight Hundred,2020,The-Eight-Hundred-(2020),,,,,,,,,,,,
Die Hard,2020,Die-Hard-(2020),,,,,,,,,,,,
Clemency,2020,Clemency-(2020),,,,,,,,,,,,
Les Misérables,2020,Les-Misérables-(2020),,,,,,,,,,,,
Ordinary Love,2020,Ordinary-Love-(2020),,,,,,,,,,,,
Casper,2020,Casper-(2020),,,,,,,,,,,,
The Informer,2020,The-Informer-(2020),,,,,,,,,,,,
Playing with Fire,2020,Playing-with-Fire-(2020),,,,,,,,,,,,
Save Yourselves!,2020,Save-Yourselves-(2020),,48657.0,58966.0,35071.0,142694.0,142694.0,2.9327,2.9327,1.5948,-,388.0,125.0
Judy,2020,Judy-(2020),,,,,,,,,,,,
The Traitor,2020,The-Traitor-(2020),,,,,,,,,,,,
Gremlins,2020,Gremlins-(2020),,,,,,,,,,,,
Created Equal: Clarence Thomas in His Own Words,2020,Created-Equal-Clarence-Thomas-in-His-Own-Words-(2020),,,,,,,,,,,,
Fatman,2020,Fatman-(2020),,,,,,,,,,,,
An American in Paris,2020,An-American-in-Paris-(2020),,,,,,,,,,,,
Wonder Woman,2020,Wonder-Woman-(2020),,,,,,,,,,,,
Back to the Future,2020,Back-to-the-Future-(2020),,,,,,,,,,,,
Bohemian Rhapsody,2020,Bohemian-Rhapsody-(2020),,,,,,,,,,,,
63 Up,2020,63-Up-(2020),,,,,,,,,,,,
Tokyo Godfathers,2020,Tokyo-Godfathers-(2020),,7868.0,131297.0,100461.0,239626.0,239626.0,30.4558,30.4558,1.7651,49,8.0,984.0
The Climb,2020,The-Climb-(2020),,,,,,,,,,,,
Doctor Who Live Q&A And Screening,2020,Doctor-Who-Live-QandA-And-Screening-(2020),,,,,,,,,,,,
CatVideoFest 2020,2020,CatVideoFest-2020-(2020),,,,,,,,,,,,
Wild Mountain Thyme,2020,Wild-Mountain-Thyme-(2020),,37030.0,36623.0,21336.0,94989.0,94989.0,2.5652,2.5652,1.5826,-,450.0,82.0
The Secrets We Keep,2020,The-Secrets-We-Keep-(2020),,,,,,,,,,,,
Ashfall,2020,Ashfall-(2020),,,,,,,,,,,,
Zombieland: Double Tap,2020,Zombieland-Double-Tap-(2020),,,,,,,,,,,,
Fate/stay night [Heaven's Feel] III. spring song,2020,Fate/stay-night-[Heavens-Feel]-III-spring-song-(2020),,,,,,,,,,,,
The Doors: Break On Thru - A Celebration Of Ray Manzarek,2020,The-Doors-Break-On-Thru-A-Celebration-Of-Ray-Manzarek-(2020),,,,,,,,,,,,
Cunningham,2020,Cunningham-(2020),,,,,,,,,,,,
The Outpost,2020,The-Outpost-(2020),,,,,,,,,,,,
The Wolf of Snow Hollow,2020,The-Wolf-of-Snow-Hollow-(2020),,,,,,,,,,,,
Come Away,2020,Come-Away-(2020),,30330.0,47885.0,27869.0,106084.0,106084.0,3.4977,3.4977,1.582,-,475.0,64.0
The Good Liar,2020,The-Good-Liar-(2020),,,,,,,,,,,,
And Then We Danced,2020,And-Then-We-Danced-(2020),,,,,,,,,,,,
Follow Me,2020,Follow-Me-(2020),,32338.0,32828.0,14016.0,79182.0,79182.0,2.4486,2.4486,1.427,-,45.0,719.0
Beanpole,2020,Beanpole-(2020),,,,,,,,,,,,
Extra Ordinary,2020,Extra-Ordinary-(2020),,,,,,,,,,,,
Palm Springs,2020,Palm-Springs-(2020),,,,,,,,,,,,
A Call to Spy,2020,A-Call-to-Spy-(2020),,,,,,,,,,,,
Love Story,2020,Love-Story-(2020),,,,,,,,,,,,
Spider-Man: No Way Home,2021,Spider-Man-No-Way-Home-(2021),50000000.0,121964712.0,73941279.0,64232578.0,310138569.0,260138569.0,2.5429,2.1329,1.8687,1,4336.0,28128.0
Shang-Chi and the Legend of the Ten Rings,2021,Shang-Chi-and-the-Legend-of-the-Ten-Rings-(2021),8800000.0,29502259.0,23190043.0,22696386.0,84188688.0,75388688.0,2.8536,2.5554,1.9787,1,4300.0,6861.0
Black Widow,2021,Black-Widow-(2021),13200000.0,39510446.0,23305929.0,17549937.0,93566312.0,80366312.0,2.3681,2.0341,1.753,1,4160.0,9498.0
F9: The Fast Saga,2021,F9-The-Fast-Saga-(2021),7100000.0,29858750.0,22348525.0,17835890.0,77143165.0,70043165.0,2.5836,2.3458,1.7981,1,4179.0,7145.0
Eternals,2021,Eternals-(2021),9500000.0,30844219.0,24124504.0,16328496.0,80797219.0,71297219.0,2.6195,2.3115,1.6768,1,4090.0,7541.0
No Time to Die,2021,No-Time-to-Die-(2021),6300000.0,23310401.0,18154289.0,13760317.0,61525007.0,55225007.0,2.6394,2.3691,1.758,1,4407.0,5289.0
Venom: Let There Be Carnage,2021,Venom-Let-There-Be-Carnage-(2021),11600000.0,37417184.0,31630397.0,20985629.0,101633210.0,90033210.0,2.7162,2.4062,1.6635,1,4225.0,8856.0
Jungle Cruise,2021,Jungle-Cruise-(2021),2700000.0,13459236.0,12320282.0,9239213.0,37718731.0,35018731.0,2.8024,2.6018,1.7499,1,4310.0,3123.0
A Quiet Place Part II,2021,A-Quiet-Place-Part-II-(2021),,,,,,,,,,,,
Ghostbusters: Afterlife,2021,Ghostbusters-Afterlife-(2021),4500000.0,16652383.0,16437835.0,10918188.0,48508406.0,44008406.0,2.913,2.6428,1.6642,1,4315.0,3859.0
Free Guy,2021,Free-Guy-(2021),,,,,,,,,,,,
Godzilla vs. Kong,2021,Godzilla-vs-Kong-(2021),,,,,,,,,,,,
Halloween Kills,2021,Halloween-Kills-(2021),4850000.0,22830935.0,17324690.0,9249355.0,54254980.0,49404980.0,2.3764,2.1639,1.5339,1,3705.0,6162.0
Dune: Part One,2021,Dune-Part-One-(2021),,,,,,,,,,,,
Encanto,2021,Encanto-(2021),1500000.0,7553221.0,5807558.0,11075133.0,25935912.0,24435912.0,3.4338,3.2352,2.907,1,3980.0,1898.0
Cruella,2021,Cruella-(2021),1400000.0,7707778.0,7280524.0,6508695.0,22896997.0,21496997.0,2.9706,2.789,1.894,2,3892.0,1980.0
Sing 2,2021,Sing-2-(2021),,8134635.0,7491085.0,5237010.0,20862730.0,20862730.0,2.5647,2.5647,1.6991,2,3892.0,2090.0
Space Jam: A New Legacy,2021,Space-Jam-A-New-Legacy-(2021),,13100000.0,3050000.0,1305000.0,17455000.0,17455000.0,1.3324,1.3324,1.4279,1,3965.0,3304.0
The Conjuring: The Devil Made Me Do It,2021,The-Conjuring-The-Devil-Made-Me-Do-It-(2021),,,,,,,,,,,,
The Boss Baby 2: Family Business,2021,The-Boss-Baby-2-Family-Business-(2021),,,,,,,,,,,,
Candyman,2021,Candyman-(2021),,,,,,,,,,,,
The Addams Family 2,2021,The-Addams-Family-2-(2021),,,,,,,,,,,,
Raya and the Last Dragon,2021,Raya-and-the-Last-Dragon-(2021),,2603122.0,3699362.0,2200014.0,8502498.0,8502498.0,3.2663,3.2663,1.5947,1,2045.0,1273.0
House of Gucci,2021,House-of-Gucci-(2021),1300000.0,4204526.0,3385978.0,5732694.0,14623198.0,13323198.0,3.478,3.1688,2.6931,3,3441.0,1222.0
The Suicide Squad,2021,The-Suicide-Squad-(2021),,,,,,,,,,,,
Demon Slayer: Kimetsu no Yaiba - The Movie: Mugen Train,2021,Demon-Slayer-Kimetsu-no-Yaiba-The-Movie-Mugen-Train-(2021),,,,,,,,,,,,
Clifford the Big Red Dog,2021,Clifford-the-Big-Red-Dog-(2021),,,,,,,,,,,,
Old,2021,Old-(2021),1500000.0,6897470.0,5616385.0,4340880.0,18354735.0,16854735.0,2.6611,2.4436,1.7729,1,3355.0,2056.0
The Forever Purge,2021,The-Forever-Purge-(2021),,,,,,,,,,,,
Tom & Jerry,2021,Tom-and-Jerry-(2021),,,,,,,,,,,,
PAW Patrol: The Movie,2021,PAW-Patrol-The-Movie-(2021),,,,,,,,,,,,
Peter Rabbit 2: The Runaway,2021,Peter-Rabbit-2-The-Runaway-(2021),900000.0,3987943.0,3662526.0,2450597.0,11001066.0,10101066.0,2.7586,2.5329,1.6691,2,3346.0,1192.0
Hitman's Wife's Bodyguard,2021,Hitmans-Wifes-Bodyguard-(2021),,,,,,,,,,,,
Mortal Kombat,2021,Mortal-Kombat-(2021),,9090000.0,8675000.0,5535000.0,23300000.0,23300000.0,2.5633,2.5633,1.638,2,3073.0,2958.0
In the Heights,2021,In-the-Heights-(2021),,5000000.0,1375000.0,650000.0,7025000.0,7025000.0,1.405,1.405,1.4727,1,3456.0,1447.0
Don't Breathe 2,2021,Dont-Breathe-2-(2021),965000.0,4393857.0,3669786.0,2558830.0,11587473.0,10622473.0,2.6372,2.4176,1.6973,2,3005.0,1462.0
West Side Story,2021,West-Side-Story-(2021),800000.0,4133219.0,3759798.0,2681601.0,11374618.0,10574618.0,2.752,2.5584,1.7132,1,2820.0,1466.0
Snake Eyes,2021,Snake-Eyes-(2021),,,,,,,,,,,,
Nobody,2021,Nobody-(2021),,2508415.0,2538515.0,1773170.0,6820100.0,6820100.0,2.7189,2.7189,1.6985,1,2460.0,1020.0
Wrath of Man,2021,Wrath-of-Man-(2021),500000.0,2972375.0,3003411.0,2333221.0,8809007.0,8309007.0,2.9636,2.7954,1.7769,1,2875.0,1034.0
The Matrix Resurrections,2021,The-Matrix-Resurrections-(2021),,,,,,,,,,,,
Escape Room: Tournament of Champions,2021,Escape-Room-Tournament-of-Champions-(2021),1200000.0,3850310.0,2797584.0,2153497.0,10001391.0,8801391.0,2.5976,2.2859,1.7698,3,2815.0,1368.0
The Croods: A New Age,2021,The-Croods-A-New-Age-(2021),,,,,,,,,,,,
Spiral,2021,Spiral-(2021),760000.0,3728976.0,3036987.0,1984071.0,9510034.0,8750034.0,2.5503,2.3465,1.6533,1,2811.0,1327.0
Respect,2021,Respect-(2021),,,,,,,,,,,,
Wonder Woman 1984,2021,Wonder-Woman-1984-(2021),,,,,,,,,,,,
Spirit Untamed,2021,Spirit-Untamed-(2021),,2458025.0,2103920.0,1539105.0,6101050.0,6101050.0,2.4821,2.4821,1.7315,4,3211.0,766.0
Ron's Gone Wrong,2021,Rons-Gone-Wrong-(2021),,,,,,,,,,,,
Resident Evil: Welcome to Raccoon City,2021,Resident-Evil-Welcome-to-Raccoon-City-(2021),935000.0,2505531.0,1025808.0,1964527.0,6430866.0,5495866.0,2.5667,2.1935,2.9151,4,2803.0,894.0
The Green Knight,2021,The-Green-Knight-(2021),,,,,,,,,,,,
The King's Man,2021,The-Kings-Man-(2021),,,,,,,,,,,,
The French Dispatch,2021,The-French-Dispatch-(2021),,,,,,,,,,,,
The Marksman,2021,The-Marksman-(2021),,,,,,,,,,,,
The Unholy,2021,The-Unholy-(2021),,,,,,,,,,,,
The Little Things,2021,The-Little-Things-(2021),,,,,,,,,,,,
Dear Evan Hansen,2021,Dear-Evan-Hansen-(2021),800000.0,3280865.0,2558795.0,1604170.0,8243830.0,7443830.0,2.5127,2.2689,1.6269,-,3364.0,975.0
Christmas with the Chosen: The Messengers,2021,Christmas-with-the-Chosen-The-Messengers-(2021),,2700000.0,2200000.0,1200000.0,6100000.0,6100000.0,2.2593,2.2593,1.5455,1,1700.0,1588.0
King Richard,2021,King-Richard-(2021),,,,,,,,,,,,
Stillwater,2021,Stillwater-(2021),280000.0,1854155.0,1934780.0,1399215.0,5468150.0,5188150.0,2.9491,2.7981,1.7232,5,2531.0,733.0
Malignant,2021,Malignant-(2021),,,,,,,,,,,,
My Hero Academia: World Heroes' Mission,2021,My-Hero-Academia-World-Heroes-Mission-(2021),,,,,,,,,,,,
American Underdog,2021,American-Underdog-(2021),,,,,,,,,,,,
Chaos Walking,2021,Chaos-Walking-(2021),,1326427.0,1586984.0,861939.0,3775350.0,3775350.0,2.8463,2.8463,1.5431,-,1980.0,670.0
The Last Duel,2021,The-Last-Duel-(2021),,,,,,,,,,,,
Cry Macho,2021,Cry-Macho-(2021),,1600000.0,3864.0,5445.0,1609309.0,1609309.0,1.0058,1.0058,2.4092,2,3967.0,403.0
Antlers,2021,Antlers-(2021),,,,,,,,,,,,
Monster Hunter,2021,Monster-Hunter-(2021),,,,,,,,,,,,
Last Night in Soho,2021,Last-Night-in-Soho-(2021),,,,,,,,,,,,
The Many Saints of Newark,2021,The-Many-Saints-of-Newark-(2021),,,,,,,,,,,,
News of the World,2021,News-of-the-World-(2021),,1000325.0,769880.0,480225.0,2250430.0,2250430.0,2.2497,2.2497,1.6238,-,1900.0,526.0
Spencer,2021,Spencer-(2021),,,,,,,,,,,,
The Protégé,2021,The-Protégé-(2021),,,,,,,,,,,,
The Night House,2021,The-Night-House-(2021),,,,,,,,,,,,
Nightmare Alley,2021,Nightmare-Alley-(2021),,1195749.0,941145.0,674809.0,2811703.0,2811703.0,2.3514,2.3514,1.717,3,2145.0,557.0
Belfast,2021,Belfast-(2021),,,,,,,,,,,,
Licorice Pizza,2021,Licorice-Pizza-(2021),,141595.0,104764.0,98798.0,345157.0,345157.0,2.4376,2.4376,1.9431,13,4.0,35399.0
The Courier,2021,The-Courier-(2021),,,,,,,,,,,,
Judas and the Black Messiah,2021,Judas-and-the-Black-Messiah-(2021),,,,,,,,,,,,
Those Who Wish Me Dead,2021,Those-Who-Wish-Me-Dead-(2021),,,,,,,,,,,,
Promising Young Woman,2021,Promising-Young-Woman-(2021),,256800.0,262785.0,199720.0,719305.0,719305.0,2.801,2.801,1.76,-,1310.0,196.0
Roadrunner: A Film About Anthony Bourdain,2021,Roadrunner-A-Film-About-Anthony-Bourdain-(2021),,781675.0,665450.0,541670.0,1988795.0,1988795.0,2.5443,2.5443,1.814,7,927.0,843.0
Copshop,2021,Copshop-(2021),,950116.0,848879.0,516643.0,2315638.0,2315638.0,2.4372,2.4372,1.6086,5,3005.0,316.0
Zola,2021,Zola-(2021),,504992.0,292260.0,454008.0,1251260.0,1251260.0,2.4778,2.4778,2.5534,6,1468.0,344.0
Separation,2021,Separation-(2021),,684608.0,693936.0,421618.0,1800162.0,1800162.0,2.6295,2.6295,1.6076,-,1751.0,391.0
Boogie,2021,Boogie-(2021),,441050.0,470180.0,288935.0,1200165.0,1200165.0,2.7212,2.7212,1.6145,-,1252.0,352.0
A Journal for Jordan,2021,A-Journal-for-Jordan-(2021),,,,,,,,,,,,
Fatale,2021,Fatale-(2021),,,,,,,,,,,,
12 Mighty Orphans,2021,12-Mighty-Orphans-(2021),,,,,,,,,,,,
Reminiscence,2021,Reminiscence-(2021),,,,,,,,,,,,
Pig,2021,Pig-(2021),,376043.0,331320.0,263572.0,970935.0,970935.0,2.582,2.582,1.7955,9,552.0,681.0
Sooryavanshi,2021,Sooryavanshi-(2021),,,,,,,,,,,,
The Girl Who Believes in Miracles,2021,The-Girl-Who-Believes-in-Miracles-(2021),,,,,,,,,,,,
Dream Horse,2021,Dream-Horse-(2021),,260429.0,327698.0,206614.0,794741.0,794741.0,3.0517,3.0517,1.6305,-,1254.0,208.0
Minari,2021,Minari-(2021),,,,,,,,,,,,
'83,2021,83-(2021),,,,,,,,,,,,
Voyagers,2021,Voyagers-(2021),,518397.0,536045.0,325546.0,1379988.0,1379988.0,2.662,2.662,1.6073,5,1972.0,263.0
The House Next Door: Meet the Blacks 2,2021,The-House-Next-Door-Meet-the-Blacks-2-(2021),,,,,,,,,,,,
Finding You,2021,Finding-You-(2021),,326433.0,368726.0,225317.0,920476.0,920476.0,2.8198,2.8198,1.6111,-,1312.0,249.0
Here Today,2021,Here-Today-(2021),,257913.0,367783.0,416475.0,1042171.0,1042171.0,4.0408,4.0408,2.1324,7,1200.0,215.0
Lamb,2021,Lamb-(2021),,,,,,,,,,,,
The Card Counter,2021,The-Card-Counter-(2021),,,,,,,,,,,,
Land,2021,Land-(2021),,259585.0,338105.0,302120.0,899810.0,899810.0,3.4663,3.4663,1.8936,-,1231.0,211.0
The War with Grandpa,2021,The-War-with-Grandpa-(2021),,,,,,,,,,,,
After We Fell,2021,After-We-Fell-(2021),,219326.0,130134.0,76997.0,426457.0,426457.0,1.9444,1.9444,1.5917,-,246.0,892.0
Queen Bees,2021,Queen-Bees-(2021),,119309.0,136003.0,119920.0,375232.0,375232.0,3.145,3.145,1.8817,-,500.0,239.0
The Eyes of Tammy Faye,2021,The-Eyes-of-Tammy-Faye-(2021),,,,,,,,,,,,
"Summer of Soul (...Or, When the Revolution Could Not Be Televised)",2021,Summer-of-Soul-(Or-When-the-Revolution-Could-Not-Be-Televised)-(2021),,,,,,,,,,,,
Show Me the Father,2021,Show-Me-the-Father-(2021),,291162.0,221824.0,187195.0,700181.0,700181.0,2.4048,2.4048,1.8439,-,1073.0,271.0
C'mon C'mon,2021,Cmon-Cmon-(2021),,47948.0,48055.0,38444.0,134447.0,134447.0,2.804,2.804,1.8,-,5.0,9590.0
Profile,2021,Profile-(2021),,261895.0,266645.0,201750.0,730290.0,730290.0,2.7885,2.7885,1.7566,-,2033.0,129.0
Together Together,2021,Together-Together-(2021),,182712.0,212925.0,137136.0,532773.0,532773.0,2.9159,2.9159,1.6441,-,665.0,275.0
Joe Bell,2021,Joe-Bell-(2021),,245645.0,280593.0,223397.0,749635.0,749635.0,3.0517,3.0517,1.7962,-,1094.0,225.0
Titane,2021,Titane-(2021),,,,,,,,,,,,
Nomadland,2021,Nomadland-(2021),,99000.0,150000.0,92000.0,341000.0,341000.0,3.4444,3.4444,1.6133,-,1200.0,83.0
Pinocchio,2021,Pinocchio-(2021),,,,,,,,,,,,
Pushpa: The Rise - Part 1,2021,Pushpa-The-Rise-Part-1-(2021),,,,,,,,,,,,
Scott Pilgrim vs. the World,2021,Scott-Pilgrim-vs-the-World-(2021),,4522890.0,3381625.0,2705280.0,10609795.0,10609795.0,2.3458,2.3458,1.8,4,2818.0,1605.0
Wrong Turn,2021,Wrong-Turn-(2021),,1653479.0,2059467.0,1448552.0,5161498.0,5161498.0,3.1216,3.1216,1.7034,6,1615.0,1024.0
Honsla Rakh,2021,Honsla-Rakh-(2021),,,,,,,,,,,,
In the Earth,2021,In-the-Earth-(2021),,,,,,,,,,,,
True to the Game 3,2021,True-to-the-Game-3-(2021),,200513.0,227806.0,144712.0,573031.0,573031.0,2.8578,2.8578,1.6352,-,440.0,456.0
The Rescue,2021,The-Rescue-(2021),,,,,,,,,,,,
Sword Art Online: Progressive - Aria of a Starless Night,2021,Sword-Art-Online-Progressive-Aria-of-a-Starless-Night-(2021),,,,,,,,,,,,
Long Weekend,2021,Long-Weekend-(2021),,,,,,,,,,,,
The Jesus Music,2021,The-Jesus-Music-(2021),,,,,,,,,,,,
Love Story,2021,Love-Story-(2021),,,,,,,,,,,,
Come Play,2021,Come-Play-(2021),,,,,,,,,,,,
Witnesses,2021,Witnesses-(2021),,72670.0,54896.0,6924.0,134490.0,134490.0,1.8507,1.8507,1.1261,-,84.0,865.0
Little Eggs: An African Rescue,2021,Little-Eggs-An-African-Rescue-(2021),,,,,,,,,,,,
Scoob!,2021,Scoob-(2021),,,,,,,,,,,,
The Alpinist,2021,The-Alpinist-(2021),,,,,,,,,,,,
Lamb of God: The Concert Film,2021,Lamb-of-God-The-Concert-Film-(2021),,70322.0,50625.0,8962.0,129909.0,129909.0,1.8473,1.8473,1.177,-,104.0,676.0
Four Good Days,2021,Four-Good-Days-(2021),,99804.0,115735.0,82819.0,298358.0,298358.0,2.9894,2.9894,1.7156,-,298.0,335.0
The Mauritanian,2021,The-Mauritanian-(2021),,,,,,,,,,,,
Blue Bayou,2021,Blue-Bayou-(2021),,,,,,,,,,,,
L'Arracheuse de temps,2021,LArracheuse-de-temps-(2021),,,,,,,,,,,,
Nine Days,2021,Nine-Days-(2021),,,,,,,,,,,,
Our Friend,2021,Our-Friend-(2021),,,,,,,,,,,,
Chal Mera Putt 3,2021,Chal-Mera-Putt-3-(2021),,,,,,,,,,,,
"If I Can't Have Love, I Want Power",2021,If-I-Cant-Have-Love-I-Want-Power-(2021),,,,,,,,,,,,
The Sparks Brothers,2021,The-Sparks-Brothers-(2021),,,,,,,,,,,,
Aline,2021,Aline-(2021),,,,,,,,,,,,
Werewolves Within,2021,Werewolves-Within-(2021),,93879.0,91482.0,65450.0,250811.0,250811.0,2.6716,2.6716,1.7154,-,270.0,348.0
City of Lies,2021,City-of-Lies-(2021),,,,,,,,,,,,
Anita,2021,Anita-(2021),,,,,,,,,,,,
For the Love of Money,2021,For-the-Love-of-Money-(2021),,27335.0,47334.0,76005.0,150674.0,150674.0,5.5121,5.5121,2.6057,-,519.0,53.0
National Champions,2021,National-Champions-(2021),,121311.0,111838.0,67879.0,301028.0,301028.0,2.4815,2.4815,1.6069,-,1197.0,101.0
Courageous,2021,Courageous-(2021),,3127940.0,3261491.0,2723408.0,9112839.0,9112839.0,2.9134,2.9134,1.835,4,1161.0,2694.0
Most Eligible Bachelor,2021,Most-Eligible-Bachelor-(2021),,,,,,,,,,,,
Jathi Ratnalu,2021,Jathi-Ratnalu-(2021),,,,,,,,,,,,
Tenet,2021,Tenet-(2021),,,,,,,,,,,,
The Lost Leonardo,2021,The-Lost-Leonardo-(2021),,,,,,,,,,,,
World War Z,2021,World-War-Z-(2021),,25196879.0,22619334.0,18595621.0,66411834.0,66411834.0,2.6357,2.6357,1.8221,2,3607.0,6986.0
Willy's Wonderland,2021,Willys-Wonderland-(2021),,,,,,,,,,,,
2021 Oscar Nominated Short Films: Live Action,2021,2021-Oscar-Nominated-Short-Films-Live-Action-(2021),,,,,,,,,,,,
Flag Day,2021,Flag-Day-(2021),,11959.0,18690.0,12304.0,42953.0,42953.0,3.5917,3.5917,1.6583,-,24.0,498.0
Dutch,2021,Dutch-(2021),,,,,,,,,,,,
Top Gun,2021,Top-Gun-(2021),,,,,,,,,,,,
Ghostbusters,2021,Ghostbusters-(2021),,,,,,,,,,,,
The Metropolitan Opera HD Live: Mussorgsky: Boris Godunov,2021,The-Metropolitan-Opera-HD-Live-Mussorgsky-Boris-Godunov-(2021),,,,,,,,,,,,
Red Rocket,2021,Red-Rocket-(2021),,39660.0,31282.0,25651.0,96593.0,96593.0,2.4355,2.4355,1.82,-,6.0,6610.0
Crisis,2021,Crisis-(2021),,,,,,,,,,,,
Julia,2021,Julia-(2021),,,,,,,,,,,,
Ghost in the Shell,2021,Ghost-in-the-Shell-(2021),1800000.0,7660626.0,6683215.0,4332192.0,20476033.0,18676033.0,2.6729,2.4379,1.6482,3,3440.0,2227.0
The Dry,2021,The-Dry-(2021),,,,,,,,,,,,
"Dad, I'm Sorry",2021,Dad-Im-Sorry-(2021),,,,,,,,,,,,
The Battle at Lake Changjin,2021,The-Battle-at-Lake-Changjin-(2021),,,,,,,,,,,,
The Emperor's New Groove,2021,The-Emperors-New-Groove-(2021),,,,,,,,,,,,
Freaky,2021,Freaky-(2021),,,,,,,,,,,,
Benedetta,2021,Benedetta-(2021),,,,,,,,,,,,
Drive My Car,2021,Drive-My-Car-(2021),,,,,,,,,,,,
Final Account,2021,Final-Account-(2021),,,,,,,,,,,,
The Water Man,2021,The-Water-Man-(2021),,,,,,,,,,,,
India Sweets and Spices,2021,India-Sweets-and-Spices-(2021),,59379.0,62486.0,48764.0,170629.0,170629.0,2.8736,2.8736,1.7804,-,343.0,173.0
American Skin,2021,American-Skin-(2021),,15587.0,18259.0,12564.0,46410.0,46410.0,2.9775,2.9775,1.6881,-,51.0,306.0
New Order,2021,New-Order-(2021),,,,,,,,,,,,
Blithe Spirit,2021,Blithe-Spirit-(2021),,,,,,,,,,,,
I'm Your Man,2021,Im-Your-Man-(2021),,,,,,,,,,,,
Escape from Mogadishu,2021,Escape-from-Mogadishu-(2021),,,,,,,,,,,,
Raging Fire,2021,Raging-Fire-(2021),,,,,,,,,,,,
A Mouthful of Air,2021,A-Mouthful-of-Air-(2021),,,,,,,,,,,,
Once I Was Engaged,2021,Once-I-Was-Engaged-(2021),,34322.0,8898.0,17402.0,60622.0,60622.0,1.7663,1.7663,2.9557,-,28.0,1226.0
Rita Moreno: Just a Girl Who Decided to Go for It,2021,Rita-Moreno-Just-a-Girl-Who-Decided-to-Go-for-It-(2021),,,,,,,,,,,,
Weathering with You,2021,Weathering-with-You-(2021),,,,,,,,,,,,
Becoming Cousteau,2021,Becoming-Cousteau-(2021),,,,,,,,,,,,
Half Brothers,2021,Half-Brothers-(2021),,,,,,,,,,,,
Supernova,2021,Supernova-(2021),,1789000.0,2293000.0,1696639.0,5778639.0,5778639.0,3.2301,3.2301,1.7399,5,2280.0,785.0
Limbo,2021,Limbo-(2021),,17381.0,15434.0,70000.0,102815.0,102815.0,5.9154,5.9154,5.5354,20,15.0,1159.0
Promare,2021,Promare-(2021),,,,,,,,,,,,
Together,2021,Together-(2021),,,,,,,,,,,,
Ailey,2021,Ailey-(2021),,,,,,,,,,,,
The Swimming Pool,2021,The-Swimming-Pool-(2021),,,,,,,,,,,,
The Resort,2021,The-Resort-(2021),,,,,,,,,,,,
Groundhog Day,2021,Groundhog-Day-(2021),,2134436.0,22104.0,37895.0,2194435.0,2194435.0,1.0281,1.0281,2.7144,1,1640.0,1301.0
Black Panther: Wakanda Forever,2022,Black-Panther-Wakanda-Forever-(2022),28000000.0,84285721.0,56131051.0,40922989.0,209339761.0,181339761.0,2.4837,2.1515,1.7291,1,4396.0,19173.0
Doctor Strange in the Multiverse of Madness,2022,Doctor-Strange-in-the-Multiverse-of-Madness-(2022),36000000.0,90720784.0,57806850.0,38893364.0,223420998.0,187420998.0,2.4627,2.0659,1.6728,1,4534.0,20009.0
Kaamelott: First Installment,2021,Kaamelott-First-Installment-(2021),,,,,,,,,,,,
Top Gun: Maverick,2022,Top-Gun-Maverick-(2022),19300000.0,52012661.0,38017701.0,36677097.0,146007459.0,126707459.0,2.8072,2.4361,1.9647,1,4735.0,10985.0
Avatar: The Way of Water,2022,Avatar-The-Way-of-Water-(2022),17000000.0,53200270.0,44327887.0,36572069.0,151100226.0,134100226.0,2.8402,2.5207,1.825,1,4202.0,12661.0
Jurassic World: Dominion,2022,Jurassic-World-Dominion-(2022),18000000.0,59591515.0,46887000.0,38597110.0,163075625.0,145075625.0,2.7366,2.4345,1.8232,1,4676.0,12744.0
Thor: Love and Thunder,2022,Thor-Love-and-Thunder-(2022),29000000.0,69554073.0,42112494.0,32498540.0,173165107.0,144165107.0,2.4896,2.0727,1.7717,1,4375.0,15898.0
The Batman,2022,The-Batman-(2022),,,,,,,,,,,,
Minions: The Rise of Gru,2022,Minions-The-Rise-of-Gru-(2022),,,,,,,,,,,,
Spider-Man: No Way Home,2022,Spider-Man-No-Way-Home-(2022),,,,,,,,,,,,
Sonic the Hedgehog 2,2022,Sonic-the-Hedgehog-2-(2022),6250000.0,26381096.0,26898385.0,18825695.0,78355176.0,72105176.0,2.9701,2.7332,1.6999,1,4234.0,6231.0
Black Adam,2022,Black-Adam-(2022),7600000.0,26688324.0,23712485.0,16603514.0,74604323.0,67004323.0,2.7954,2.5106,1.7002,1,4402.0,6063.0
Uncharted,2022,Uncharted-(2022),3700000.0,15376642.0,16275559.0,12357954.0,47710155.0,44010155.0,3.1028,2.8621,1.7593,1,4275.0,3597.0
Nope,2022,Nope-(2022),6400000.0,19538690.0,13938155.0,10890065.0,50766910.0,44366910.0,2.5983,2.2707,1.7813,1,3785.0,5162.0
Lightyear,2022,Lightyear-(2022),5200000.0,20705945.0,16095675.0,13776341.0,55777961.0,50577961.0,2.6938,2.4427,1.8559,1,4255.0,4866.0
